day,rat_sightings
12/15/21,69
12/29/17,24
9/11/21,40
12/24/15,27
2/1/17,44
10/15/21,85
3/8/21,56
10/13/12,19
2/24/11,29
5/22/17,54
9/19/10,29
11/6/21,54
12/28/10,6
1/10/22,64
7/2/16,43
6/12/20,63
1/20/11,26
7/12/20,52
3/6/22,58
2/21/20,41
6/13/16,65
11/23/17,6
7/11/12,48
9/17/11,21
4/27/20,39
12/30/10,15
12/22/12,17
11/11/14,40
9/5/11,27
5/12/18,33
12/31/20,26
10/8/17,47
11/7/19,50
4/21/14,40
9/15/20,66
10/24/12,38
6/13/10,18
8/10/12,38
10/15/20,55
5/23/20,37
6/29/21,84
6/16/21,104
9/9/14,46
3/25/17,40
4/11/18,46
1/26/17,42
2/3/11,23
6/19/13,51
12/25/10,5
11/23/20,41
9/6/10,22
8/31/21,86
1/22/21,35
5/23/18,67
7/26/14,32
12/29/13,13
1/4/11,20
6/3/14,61
4/30/13,54
3/26/16,21
7/14/22,129
8/7/11,19
6/2/10,32
9/7/10,48
1/22/17,33
1/14/19,32
5/5/11,32
4/26/13,27
1/24/21,40
5/16/22,94
7/3/11,12
4/13/21,75
6/9/10,33
9/12/22,118
7/1/21,78
6/3/20,50
5/1/19,71
1/10/21,34
5/18/19,36
4/14/21,81
7/3/20,56
10/16/20,40
2/14/17,53
7/30/22,82
1/10/11,14
4/1/21,75
11/15/21,71
9/23/22,57
6/14/13,35
1/21/21,51
12/2/15,43
12/26/15,20
2/21/14,21
9/17/13,36
7/6/11,56
11/8/17,43
5/30/17,72
2/11/11,14
6/25/11,48
11/17/16,38
12/14/20,53
11/7/18,50
11/26/16,23
4/14/10,45
3/9/18,36
12/22/10,23
3/2/19,17
5/23/19,86
10/25/13,20
9/21/12,42
6/21/19,61
9/12/18,64
1/17/15,13
4/1/18,22
9/24/10,42
5/18/13,31
3/17/12,26
2/21/15,14
1/23/11,7
7/15/11,46
11/3/12,17
7/15/16,66
2/16/17,108
2/25/14,36
8/22/11,47
9/7/13,31
4/10/22,60
1/26/10,40
6/22/10,59
4/3/21,46
3/28/21,42
10/4/14,27
12/8/18,18
3/4/17,33
6/22/16,79
11/29/15,18
3/23/14,9
2/6/13,18
5/4/16,52
3/7/12,25
6/18/21,107
5/6/12,18
7/10/12,62
7/15/19,76
5/6/14,43
11/3/10,26
8/5/22,102
3/30/17,62
3/14/14,20
9/2/22,77
11/16/12,11
1/1/13,13
11/19/15,31
2/14/12,20
1/11/18,45
1/7/13,31
3/21/10,19
2/27/13,26
12/30/12,6
3/16/13,24
6/2/11,32
8/23/21,91
11/12/13,26
12/21/12,17
11/9/20,47
12/6/18,35
12/2/17,46
8/29/15,24
5/13/18,38
10/14/17,39
4/6/10,32
7/3/13,51
12/5/15,17
11/18/15,54
1/14/22,56
10/6/11,31
6/9/11,39
8/17/14,34
4/22/22,74
9/3/18,51
11/17/12,18
12/3/15,33
12/24/18,25
12/26/18,36
1/9/21,35
11/8/15,31
4/27/10,35
6/5/10,26
9/27/14,29
6/7/20,50
9/16/20,47
9/25/21,67
1/1/21,16
8/26/21,97
2/28/19,24
3/18/22,83
6/22/21,100
11/15/19,30
5/30/16,29
11/12/11,11
8/6/22,50
11/9/12,23
11/8/21,94
2/21/11,11
1/15/19,36
5/18/15,65
2/5/15,20
1/20/20,16
9/11/13,34
11/25/20,36
2/10/14,18
7/22/10,45
10/12/14,29
9/29/10,42
10/6/16,63
2/16/18,42
11/8/18,55
1/24/10,12
1/7/10,15
2/15/12,25
8/12/17,58
3/10/10,29
12/17/19,30
8/12/13,49
11/12/15,48
3/29/12,28
3/4/13,39
2/24/19,24
9/18/15,41
11/30/18,27
8/5/20,56
8/17/20,71
7/22/14,56
11/20/21,53
9/6/14,31
12/11/16,20
8/2/16,75
4/14/14,39
12/17/18,31
4/22/11,29
5/22/10,30
8/18/18,34
1/1/17,18
6/12/14,41
12/22/18,19
8/12/22,90
1/14/20,58
3/22/18,27
5/7/18,75
5/12/21,83
5/31/18,79
11/7/14,35
8/1/15,28
8/27/13,48
11/23/13,14
4/25/21,60
1/28/19,47
8/21/12,63
6/25/15,63
10/13/18,29
4/1/10,34
11/11/19,53
10/20/19,28
10/19/14,29
3/15/13,41
5/26/16,64
6/1/20,56
3/27/15,33
11/5/12,17
11/4/20,35
1/27/10,22
10/8/10,27
11/27/20,38
1/7/17,22
4/9/16,32
6/28/17,62
3/13/10,13
7/15/15,71
12/15/10,21
1/15/11,14
1/17/21,37
12/12/16,36
8/31/14,14
5/24/12,44
5/16/21,65
10/26/16,47
10/24/14,46
2/7/11,24
1/18/18,28
8/12/10,44
4/17/15,45
8/4/13,26
9/24/17,41
1/12/17,57
11/11/20,59
3/11/19,53
4/5/17,63
10/31/11,33
1/2/14,20
5/11/16,65
11/15/18,26
7/23/21,96
7/31/17,77
3/3/12,18
2/28/10,10
12/4/10,3
7/5/22,113
3/5/12,30
10/18/19,49
2/14/21,21
3/5/10,28
4/21/20,44
10/7/12,18
8/9/10,54
12/9/16,30
6/20/11,67
4/19/18,57
6/26/15,56
6/3/13,43
6/6/17,73
5/16/18,60
8/23/10,46
10/17/19,42
6/26/20,43
1/28/16,38
10/31/15,16
9/5/12,31
11/16/13,8
6/29/17,78
8/30/15,32
12/21/10,16
6/12/12,48
12/18/17,40
3/17/20,24
7/4/18,28
1/30/11,9
3/23/19,28
11/3/21,98
1/19/18,28
5/14/10,27
8/18/19,40
3/16/16,64
2/6/16,27
1/29/11,5
1/13/19,24
2/17/12,30
12/4/19,33
11/29/14,19
7/1/17,41
7/2/18,50
6/30/10,47
10/29/16,28
11/8/19,41
5/29/10,18
6/19/12,42
1/3/21,30
12/11/18,32
12/29/12,15
4/13/20,37
5/1/18,48
6/14/19,55
3/26/18,35
5/14/16,36
10/11/20,34
1/21/17,33
6/28/11,59
1/2/22,45
9/4/19,66
10/21/15,61
7/4/21,43
4/10/18,51
4/11/13,34
1/11/13,28
10/14/20,45
7/1/18,43
6/10/19,61
1/8/15,27
8/16/19,60
5/30/22,58
2/6/18,40
2/26/18,47
10/18/20,46
12/1/10,18
3/28/11,23
8/12/14,56
8/24/13,17
5/22/15,50
8/26/20,74
9/5/16,36
12/31/17,11
6/19/21,53
3/24/14,33
5/5/12,19
4/14/13,18
1/17/13,28
5/28/18,45
9/13/13,30
5/30/13,38
8/28/10,27
4/24/13,43
5/17/20,41
7/11/10,28
2/23/16,33
11/29/18,42
9/2/12,13
2/22/19,42
8/23/20,47
5/8/18,69
3/19/10,38
6/23/22,120
3/23/18,29
9/14/10,44
12/19/10,9
3/10/18,30
7/14/11,36
7/8/11,37
6/12/21,65
12/11/21,49
9/30/10,31
6/6/12,35
1/13/15,20
6/26/21,65
9/16/18,52
2/13/22,35
11/7/20,18
10/31/21,48
4/28/16,54
12/27/16,41
7/28/21,91
6/23/14,47
8/22/18,88
11/29/20,36
6/25/18,75
2/10/22,79
8/1/17,71
3/18/13,32
12/3/17,30
11/3/19,33
4/26/17,71
8/22/21,20
8/26/22,88
2/6/14,13
5/23/14,35
8/17/17,80
1/25/21,32
6/30/15,63
12/17/17,30
12/29/11,27
11/1/11,28
7/27/16,62
6/26/12,30
12/31/12,18
3/2/11,28
4/30/16,34
2/4/20,52
6/4/13,57
4/26/14,19
7/13/16,81
7/2/21,61
3/31/17,46
3/25/14,28
9/11/19,73
10/16/21,63
3/10/21,83
4/11/15,21
3/20/21,30
9/7/20,32
10/11/16,48
2/2/18,41
6/9/15,55
3/21/17,46
7/20/22,100
2/4/19,40
3/1/19,24
5/14/17,29
10/4/19,43
8/11/12,25
5/30/10,10
11/26/19,28
10/27/19,27
2/11/12,24
6/22/15,70
7/31/20,63
3/10/13,27
7/15/20,81
2/1/11,16
4/13/11,26
6/28/13,33
8/5/15,57
6/17/20,49
2/3/17,21
12/23/11,14
8/17/13,21
6/20/13,45
1/19/11,28
1/4/14,12
11/27/13,12
6/28/18,59
7/28/19,46
1/13/17,40
4/24/10,18
12/30/16,24
4/11/21,42
7/10/13,56
7/31/22,79
7/30/13,57
9/19/20,35
5/13/21,90
11/19/19,31
8/7/20,57
1/7/11,16
12/23/17,22
8/1/13,45
8/3/13,15
9/3/11,24
7/10/16,40
9/10/20,65
11/13/13,25
12/4/12,30
12/30/11,15
9/10/14,50
4/7/19,40
12/16/21,78
1/24/20,51
1/1/12,9
10/8/20,49
11/29/13,14
6/21/20,48
6/13/20,26
9/15/10,42
8/2/19,54
9/8/10,30
6/20/17,71
9/5/10,14
1/17/19,49
10/26/14,29
5/8/15,83
8/3/16,64
9/28/13,21
9/6/16,67
12/1/21,57
8/15/13,46
7/31/18,82
1/9/18,26
8/10/22,86
6/27/10,32
7/21/15,104
12/20/16,27
2/8/21,45
4/3/22,53
8/27/12,49
4/25/18,54
2/18/10,19
7/22/19,66
2/24/22,66
1/19/22,62
6/18/14,65
9/24/12,42
4/7/15,63
9/22/11,53
10/3/11,45
2/15/22,55
3/30/14,13
1/16/20,50
8/30/17,56
10/26/17,57
8/21/14,50
8/2/20,46
4/8/21,75
12/30/19,27
7/9/20,79
2/24/10,25
2/2/22,55
8/31/18,57
9/19/21,57
5/10/14,33
2/20/17,44
5/14/21,68
11/28/11,19
3/25/13,27
7/16/15,83
11/24/21,41
4/25/11,49
1/6/16,46
7/19/17,98
5/29/12,54
10/7/16,47
8/20/15,50
6/7/12,42
9/18/12,40
12/27/14,16
7/29/13,54
5/17/21,78
6/25/17,30
1/11/22,49
11/11/18,25
6/5/11,12
1/17/12,31
6/9/20,64
5/27/18,37
8/17/10,67
1/25/17,63
3/15/16,52
4/3/11,13
3/12/10,18
7/20/12,25
2/26/22,38
9/15/17,60
9/18/13,45
12/29/10,12
1/11/21,65
4/4/17,72
10/9/14,42
4/24/21,45
9/14/13,19
4/6/14,19
10/15/16,46
6/27/22,86
2/20/20,40
4/23/16,31
8/26/13,42
4/28/13,16
10/16/13,40
4/18/21,63
9/5/15,46
4/27/16,55
11/18/21,67
2/1/12,29
11/7/15,28
3/22/22,77
10/24/20,26
10/2/15,42
9/19/14,37
8/7/10,20
4/4/22,72
4/10/14,28
1/16/10,13
2/8/12,29
2/15/10,10
6/4/12,71
11/21/19,45
3/3/22,66
3/14/17,15
7/24/12,41
7/12/22,101
9/16/10,39
12/19/13,20
5/6/16,34
1/13/13,14
6/20/15,36
1/15/10,19
5/9/16,78
9/17/12,50
5/20/13,49
1/27/20,42
4/26/12,47
5/5/19,40
5/21/13,53
6/23/15,58
1/28/22,47
6/25/16,42
5/24/10,52
7/5/12,36
5/25/16,68
4/20/14,21
2/27/12,28
7/19/20,35
7/5/16,88
1/18/16,27
2/13/18,48
5/3/15,25
9/20/20,35
10/29/13,32
1/14/15,19
1/19/17,50
10/20/20,73
7/25/11,55
3/15/19,30
7/24/18,74
4/6/19,23
4/17/17,71
5/15/19,80
12/16/18,23
8/20/17,36
9/14/18,72
4/17/20,30
10/27/18,20
9/10/13,38
5/21/16,40
11/14/19,35
11/22/19,40
8/6/11,29
11/9/14,20
11/16/15,40
9/22/19,40
11/16/10,19
8/18/14,81
5/29/13,40
10/10/17,77
7/30/12,55
10/25/10,46
3/8/11,27
3/15/18,40
11/6/20,43
10/11/13,26
10/27/13,9
2/7/13,34
8/1/21,84
5/28/10,35
2/23/11,23
4/19/10,47
3/28/12,30
5/3/12,40
10/1/10,30
4/22/13,45
6/15/13,25
3/13/20,31
9/18/14,55
8/13/22,69
3/17/10,36
7/29/10,46
10/21/16,57
8/9/15,36
6/18/13,49
8/3/20,81
4/14/17,41
2/18/13,23
5/4/11,40
6/20/10,15
8/15/21,55
9/10/22,67
12/20/12,18
12/1/18,33
6/21/10,40
9/25/22,50
11/20/16,22
5/2/21,50
9/6/20,40
10/1/17,32
2/1/22,41
6/11/13,46
7/1/13,59
8/7/12,41
2/17/14,14
5/13/10,34
5/10/12,36
7/9/19,54
10/3/20,36
1/14/10,15
7/1/12,25
10/31/10,12
12/17/15,29
3/2/14,17
10/7/10,50
10/29/18,53
5/14/14,38
5/16/13,50
8/29/18,64
1/8/17,20
10/18/12,35
12/16/20,23
6/22/18,49
2/22/20,19
12/7/15,24
10/24/13,24
3/29/20,20
1/24/22,55
2/16/15,15
12/30/14,28
3/6/10,10
2/7/20,36
4/9/19,65
9/13/16,70
5/10/13,44
10/27/21,110
12/14/15,48
11/28/14,24
2/19/22,45
2/16/20,27
5/12/12,13
4/12/11,39
8/30/11,45
4/23/21,51
3/30/13,23
3/3/18,16
2/16/12,21
5/15/17,81
3/3/13,15
12/9/20,53
10/2/19,47
2/8/18,35
7/3/18,52
12/19/21,39
7/21/10,61
5/25/17,49
7/21/14,58
11/16/21,61
1/15/18,24
5/24/17,75
12/4/11,17
7/25/15,37
8/4/18,49
10/3/14,50
4/20/17,77
1/4/19,52
5/25/10,66
9/22/14,51
11/8/13,22
11/2/10,20
11/9/13,5
10/26/15,83
3/13/17,58
8/29/17,56
6/7/14,29
12/13/17,25
7/18/17,62
11/16/20,46
7/21/22,110
8/9/16,80
9/24/18,57
3/15/21,67
12/26/19,22
4/15/21,78
7/8/22,98
5/1/16,45
12/11/13,19
10/3/19,44
12/18/19,27
6/17/22,89
2/29/16,42
2/2/11,11
6/8/10,52
3/30/10,31
1/20/14,14
4/30/12,47
4/15/22,57
5/23/16,90
3/11/12,6
7/12/12,53
1/29/12,12
12/17/20,22
2/16/14,6
11/10/13,8
3/12/19,51
3/30/15,42
12/31/11,11
4/22/20,34
2/24/12,20
1/22/11,11
5/20/11,52
4/30/20,31
1/18/22,47
6/17/15,69
6/15/22,120
7/29/22,89
4/11/20,19
9/4/20,45
3/11/22,63
8/25/16,71
11/17/20,48
8/5/18,44
9/28/15,64
3/4/16,23
7/14/14,45
3/4/12,16
11/24/19,20
7/27/19,39
3/2/12,15
11/25/15,26
7/24/14,41
4/3/12,30
7/13/20,92
9/23/14,54
3/30/16,52
3/5/20,47
11/20/12,27
9/9/11,32
5/28/16,25
2/4/15,19
8/5/19,84
6/5/22,91
7/20/16,68
2/4/13,24
1/15/16,23
7/2/19,64
7/5/18,88
9/1/16,63
6/15/18,51
12/5/14,25
9/11/20,60
5/27/14,66
4/19/11,36
12/28/18,27
4/18/14,41
12/19/20,19
2/11/22,59
4/9/12,20
12/21/20,38
6/25/14,42
10/20/16,54
9/29/13,19
11/25/13,16
8/30/21,105
4/10/21,71
4/3/19,42
10/31/18,49
1/14/18,27
4/18/22,66
1/25/19,37
7/4/10,13
9/29/16,57
1/27/21,46
1/24/19,29
11/29/16,43
1/5/13,21
4/17/12,23
3/7/13,24
3/28/10,17
10/9/20,52
11/12/16,20
3/21/22,87
7/4/22,48
10/27/15,54
3/24/16,42
4/27/22,77
6/21/21,110
5/26/15,59
8/25/13,19
12/19/16,41
12/7/10,20
4/29/17,40
9/15/18,41
1/28/15,22
11/5/14,45
8/4/19,43
11/1/18,46
2/13/21,24
9/16/21,79
10/23/20,61
12/16/16,19
1/14/17,23
2/22/14,24
10/25/11,32
7/12/16,67
5/3/11,39
8/1/10,21
12/9/14,22
5/18/17,63
12/25/15,17
10/12/17,72
11/19/20,34
7/13/18,66
6/13/18,75
3/20/18,50
10/22/17,52
4/4/19,32
4/11/22,80
1/21/10,32
4/13/14,21
8/15/22,102
1/27/11,13
5/22/22,80
5/14/20,73
11/18/18,29
3/26/17,42
7/6/17,92
12/23/14,25
4/1/20,26
12/25/18,15
2/22/21,53
7/5/17,81
12/19/14,36
6/6/21,69
4/18/19,66
12/25/13,3
11/23/12,25
4/29/12,17
6/5/20,54
9/24/16,36
10/2/14,52
12/25/12,8
1/17/10,9
9/1/15,71
11/22/17,24
2/12/11,10
1/20/13,18
12/18/11,11
12/8/15,42
1/30/14,18
8/17/11,55
2/10/13,13
4/11/14,33
6/7/16,65
7/5/21,79
10/5/10,38
10/7/15,62
6/17/13,50
9/27/10,32
8/19/20,94
12/8/13,6
8/30/16,79
10/2/17,88
3/16/19,25
3/29/21,63
3/29/14,17
2/24/13,23
11/24/11,2
12/6/11,20
9/2/18,38
3/5/11,12
10/1/13,29
5/24/11,60
4/24/12,42
7/5/14,27
2/27/18,49
11/2/16,54
9/20/10,60
10/6/13,18
10/22/20,71
11/5/17,26
1/21/11,18
12/19/15,23
8/2/17,91
10/1/12,49
10/16/17,77
12/3/14,38
9/2/17,37
8/16/15,30
11/26/17,34
1/9/16,19
3/30/19,33
5/2/22,99
1/16/14,26
6/12/18,58
4/6/16,42
2/21/10,10
2/5/14,28
8/18/10,58
1/29/19,37
11/24/15,34
8/28/14,58
3/5/16,18
12/22/15,32
5/28/14,72
5/29/19,72
9/11/11,20
4/13/19,35
1/15/21,43
3/1/12,28
2/2/21,20
8/19/19,83
3/4/18,26
9/22/16,72
8/8/15,32
6/9/22,113
9/26/12,39
6/4/16,41
3/9/21,56
6/22/14,29
8/31/11,36
10/21/14,51
10/13/20,59
11/25/17,32
2/25/21,69
2/19/15,18
4/27/12,38
11/8/10,30
3/8/20,38
12/29/21,67
1/17/17,37
2/23/15,26
2/2/16,45
12/26/12,26
8/27/15,55
5/9/10,16
6/26/22,64
5/10/16,70
10/2/21,62
4/14/16,40
1/2/11,12
11/5/10,22
9/27/16,74
3/4/21,55
6/14/21,88
10/11/17,78
7/13/13,22
4/5/18,44
2/15/19,38
11/11/13,17
4/3/13,30
6/13/17,80
12/16/11,15
4/9/17,33
11/5/16,43
3/18/14,33
7/31/11,18
2/15/11,26
10/12/21,96
11/23/14,14
7/26/22,136
8/16/22,127
6/6/15,24
2/4/16,53
9/6/19,57
8/14/16,35
5/10/19,60
7/3/17,61
11/13/16,26
7/25/22,130
3/26/11,14
7/22/12,32
9/24/15,75
1/18/14,12
2/12/17,31
7/19/12,45
8/2/12,30
4/28/18,39
10/2/12,32
7/31/21,75
2/28/21,34
4/8/18,37
6/17/11,35
2/8/22,64
5/7/22,36
10/9/13,33
4/26/10,36
4/15/20,34
11/21/12,16
6/10/18,56
4/25/15,37
9/9/13,36
6/2/19,39
5/17/12,45
12/7/12,22
7/17/18,80
11/14/12,34
11/26/20,26
8/5/21,108
1/30/21,21
1/13/12,24
7/10/10,24
6/9/12,23
5/2/14,35
11/26/12,23
2/4/12,21
3/18/10,31
3/8/19,19
12/6/15,21
8/25/17,57
3/18/12,18
8/25/15,51
8/8/16,84
7/22/15,79
9/19/12,29
11/18/13,39
11/18/12,14
4/15/10,28
7/26/10,46
4/29/10,27
5/30/12,63
8/18/16,59
5/15/21,45
3/23/17,41
7/24/17,80
10/4/17,86
3/18/11,28
5/9/15,41
1/12/20,29
11/16/18,26
7/3/22,46
4/7/10,36
9/12/19,69
7/11/17,90
5/13/20,50
2/21/21,24
4/2/17,42
6/21/12,33
6/6/13,51
4/5/10,44
3/2/22,56
1/22/19,39
6/30/13,25
2/3/21,25
7/23/10,34
4/24/11,13
10/11/15,28
1/30/20,31
8/15/12,48
3/2/10,17
8/10/21,88
3/24/15,43
1/28/20,45
11/28/10,17
9/20/16,67
10/13/21,130
10/14/19,46
1/13/10,24
3/13/16,38
9/12/12,52
5/5/18,28
3/21/18,35
10/5/14,30
6/14/16,52
9/19/16,67
12/20/15,21
10/18/18,67
6/7/21,128
9/4/10,9
2/6/21,30
11/25/19,41
1/3/12,18
6/10/16,53
5/11/18,69
2/24/14,35
12/12/11,23
11/17/18,20
11/8/14,26
9/27/12,55
5/25/12,44
2/26/14,27
10/17/12,38
1/31/14,19
4/5/20,21
5/16/10,22
9/17/10,34
7/16/13,46
9/13/15,54
12/5/11,31
8/18/22,83
5/18/16,81
7/9/18,75
7/6/13,21
1/23/22,53
12/17/10,9
2/11/21,26
3/8/22,79
1/2/16,23
9/30/19,55
10/17/17,65
1/31/15,14
10/19/12,27
2/26/20,43
7/16/11,17
2/5/22,39
1/7/20,58
4/13/22,70
6/8/11,42
1/20/22,50
11/26/11,14
1/22/22,43
3/26/20,21
2/19/18,39
4/27/15,64
6/13/19,62
5/16/14,46
9/30/20,58
7/15/18,40
12/8/21,66
11/6/19,54
3/22/16,47
3/7/19,27
8/2/11,59
6/5/17,81
9/9/19,69
7/3/12,37
12/2/12,19
4/12/12,29
10/7/20,57
11/4/16,41
8/21/15,62
5/5/17,44
6/9/13,29
11/17/11,27
2/18/21,24
11/1/21,106
2/19/19,48
9/9/10,36
12/30/21,63
8/1/14,59
4/30/10,26
1/30/13,27
12/26/17,29
3/6/16,15
4/11/12,25
4/23/12,34
9/3/10,34
8/11/13,26
2/26/16,45
6/23/18,49
11/22/20,40
11/26/14,29
9/26/18,80
1/10/18,26
9/8/17,57
6/15/21,104
5/9/12,46
3/23/20,21
6/29/16,98
11/10/15,35
2/20/21,21
7/16/20,60
12/13/16,37
11/17/19,28
11/25/21,23
4/10/13,39
8/4/17,57
8/27/17,39
5/24/14,23
5/29/20,50
4/8/20,29
12/14/16,35
11/24/18,21
2/2/17,49
8/19/16,63
5/22/12,50
8/12/18,38
3/1/17,69
5/27/12,14
9/14/19,33
11/2/12,14
12/25/16,19
1/29/21,29
1/31/19,28
11/17/17,30
9/1/21,74
9/1/11,41
7/30/18,75
7/25/12,55
9/2/15,56
4/23/22,65
9/11/15,61
5/28/20,79
4/21/22,84
8/31/19,39
11/10/16,49
8/21/22,67
7/6/21,67
10/17/18,58
5/31/19,82
12/24/10,5
5/20/10,44
6/26/13,56
4/8/19,67
6/27/20,39
8/28/11,8
4/14/22,86
7/28/17,76
9/17/21,86
5/19/11,29
7/2/12,58
7/19/10,64
3/9/20,41
6/17/19,92
9/5/13,42
1/23/19,36
2/25/18,32
2/7/10,11
9/10/12,48
6/16/20,60
3/11/11,34
8/25/10,42
12/18/10,7
2/12/19,26
9/16/13,54
12/27/12,33
4/5/11,34
10/15/15,46
6/19/10,22
3/9/22,67
4/28/21,82
11/12/18,51
8/27/19,66
7/7/16,65
1/30/17,37
8/19/17,38
1/28/14,17
2/11/14,19
7/8/18,40
3/21/16,62
12/17/21,59
11/25/12,14
8/27/14,40
5/1/11,18
7/8/20,71
3/8/18,38
10/30/14,74
1/23/20,43
6/10/17,57
11/22/14,9
12/30/13,26
1/22/20,40
12/15/13,12
5/3/19,50
5/18/10,46
11/4/10,24
4/6/17,47
5/11/20,60
10/11/12,28
2/11/10,15
2/20/14,27
6/8/12,41
7/30/21,82
7/18/19,58
7/17/11,19
6/12/15,46
12/25/14,11
1/4/20,25
12/21/11,18
8/3/12,47
11/24/20,41
8/19/13,55
8/12/15,58
1/19/14,13
6/25/22,55
8/14/18,90
9/19/13,34
8/20/12,51
5/9/17,74
7/5/10,19
3/25/20,30
2/11/13,21
6/2/15,53
9/3/13,54
7/1/14,64
5/22/19,80
4/16/13,38
4/16/14,36
3/14/22,61
9/28/14,30
5/17/14,23
2/2/13,7
12/31/21,47
12/5/12,29
12/20/18,31
12/28/17,31
4/17/19,48
6/23/20,54
11/17/21,71
9/17/16,63
3/17/19,28
9/11/16,32
8/18/21,76
5/22/21,53
4/27/14,21
8/21/11,16
3/9/12,28
7/9/11,29
8/28/21,50
11/5/19,31
8/10/19,26
12/10/15,43
3/8/14,22
8/16/21,107
2/10/19,31
5/28/11,16
5/5/13,18
4/3/20,15
4/2/15,29
2/15/16,25
7/31/16,37
4/9/21,65
9/26/16,71
3/25/16,47
4/24/14,25
2/14/22,42
7/13/19,36
5/27/16,77
5/22/13,42
8/15/14,60
6/6/11,56
3/24/20,30
7/4/15,56
11/29/17,44
4/15/15,41
7/2/22,50
4/24/22,98
10/2/20,52
5/20/21,79
2/8/19,30
10/31/13,28
7/1/16,49
6/12/16,42
9/7/12,35
6/4/14,43
5/31/16,100
1/8/14,21
7/23/18,56
6/12/11,29
4/16/20,44
5/12/19,31
4/5/22,82
8/13/20,49
6/1/13,27
6/2/12,15
4/2/16,34
2/3/18,16
4/10/12,35
6/15/11,47
4/16/16,18
10/17/13,34
5/31/15,23
8/13/10,44
10/9/11,10
5/11/14,26
5/10/22,101
6/22/17,89
11/13/20,36
2/17/17,74
5/21/10,34
2/6/20,38
10/14/13,19
12/13/20,30
8/9/11,48
8/24/22,99
2/25/12,15
8/6/19,81
12/5/18,35
2/19/10,16
5/25/13,14
10/18/15,33
12/8/11,22
8/13/13,59
8/2/21,114
3/19/16,33
8/23/14,24
5/20/16,76
4/22/12,9
1/6/19,29
2/16/19,22
9/4/21,41
12/31/15,16
6/22/22,102
5/20/18,52
3/21/14,24
1/12/15,23
11/3/14,29
4/14/20,32
7/25/13,35
10/15/14,67
9/12/14,43
9/29/19,30
2/3/22,76
12/22/14,31
10/15/19,53
8/3/22,130
4/13/17,54
8/13/11,23
1/27/13,19
8/7/13,49
10/9/19,41
1/27/16,39
11/23/21,54
9/8/21,108
11/26/18,36
5/14/19,67
8/28/17,56
12/7/16,47
4/5/12,28
10/25/18,48
11/30/21,58
5/21/19,53
12/22/13,12
9/1/12,25
3/27/22,39
8/27/11,2
1/6/22,82
12/14/13,7
9/16/16,60
8/9/21,108
8/17/22,107
7/10/22,77
7/3/14,39
4/3/10,14
8/3/18,57
5/18/20,70
12/7/13,13
10/26/19,37
1/4/13,33
6/18/12,39
1/15/20,31
9/25/16,42
8/25/19,42
6/7/10,49
8/23/17,82
11/30/16,41
12/8/19,24
1/18/17,44
7/10/14,46
3/17/17,30
7/28/14,69
1/29/14,21
11/30/17,47
9/15/19,34
2/9/12,18
6/27/21,61
1/12/10,16
4/30/11,25
6/20/18,73
11/28/12,21
8/10/18,64
12/16/13,14
4/24/16,42
1/16/18,37
11/21/17,36
10/18/14,33
3/9/14,22
6/8/14,33
7/13/14,25
12/14/19,24
9/23/20,48
2/3/20,38
12/30/18,23
4/3/14,38
5/9/19,57
4/24/18,56
7/4/19,41
4/10/20,39
2/22/18,30
1/27/12,28
11/30/14,26
3/15/11,30
6/8/20,69
3/1/14,16
8/30/12,50
10/5/16,70
12/4/13,20
3/15/17,31
6/10/20,56
7/8/13,55
3/30/21,77
7/7/12,21
7/9/17,64
12/23/18,14
7/29/11,33
6/18/15,60
1/3/13,31
6/3/16,62
10/30/17,49
5/15/12,48
10/18/10,32
4/24/15,30
5/24/13,33
11/4/21,66
8/29/16,67
6/24/11,48
7/18/10,27
6/20/16,66
12/2/14,19
1/22/16,26
3/14/12,41
1/23/13,19
12/23/20,27
8/16/16,71
1/18/12,31
4/9/11,19
1/4/21,54
11/17/13,16
4/10/11,21
6/27/16,68
3/27/11,15
7/11/13,37
1/31/11,10
1/8/21,28
3/6/18,60
1/21/15,33
11/12/17,19
9/15/14,66
9/15/13,18
9/28/11,43
12/19/19,22
4/13/16,42
10/15/12,38
7/17/21,46
5/6/11,33
7/23/20,50
8/24/18,61
1/11/15,13
9/2/19,36
3/12/11,18
6/15/16,59
8/15/16,80
1/8/12,10
2/25/20,54
1/31/16,29
4/12/10,48
8/21/21,57
9/22/13,17
12/22/17,31
2/5/16,27
11/1/15,24
7/4/14,27
4/16/22,58
4/5/15,18
12/10/17,21
9/19/22,116
3/18/19,41
12/6/17,35
1/6/14,20
1/22/15,40
9/13/14,21
5/13/14,46
1/16/15,53
10/14/21,114
10/9/12,38
5/6/22,75
11/16/17,46
8/31/13,20
7/20/18,67
11/27/12,23
5/3/10,50
7/19/16,89
10/28/11,21
7/8/15,92
10/13/11,38
12/17/14,33
4/16/11,9
11/30/13,11
7/13/12,50
4/13/13,35
2/19/16,38
12/2/19,32
7/16/19,50
9/29/12,20
8/13/12,47
5/28/12,21
2/29/20,28
3/28/18,27
2/11/18,22
7/29/16,60
5/6/13,43
6/20/20,48
4/5/19,26
2/13/10,8
3/10/22,68
5/5/14,41
2/20/12,11
10/8/16,24
6/1/15,83
11/25/10,5
8/4/10,50
7/13/21,97
4/25/10,11
11/17/15,29
5/21/17,34
3/23/12,34
12/22/16,38
9/14/12,36
5/14/22,88
3/11/10,37
8/17/16,74
11/24/12,18
2/8/11,20
5/24/15,29
11/12/20,43
9/20/17,81
2/10/20,46
9/30/14,44
5/11/19,64
10/30/16,27
6/9/19,33
3/2/15,25
1/1/16,24
12/10/10,10
1/5/15,31
3/3/17,43
11/19/11,7
4/13/10,41
11/19/10,25
11/12/21,91
12/3/20,36
2/18/16,30
6/1/17,81
9/5/14,44
12/14/11,26
12/23/12,8
5/9/11,54
2/26/17,38
11/28/13,4
11/20/13,22
2/22/15,12
4/9/13,39
3/2/17,49
6/8/15,66
9/4/17,32
7/20/14,25
6/13/15,34
10/1/18,72
1/13/22,70
7/24/15,56
4/2/21,63
6/14/18,71
12/21/17,40
11/3/17,42
8/20/20,69
7/22/20,57
8/10/14,35
3/8/13,16
2/6/10,9
2/21/22,68
12/1/15,29
9/25/15,61
10/19/11,36
9/27/17,54
7/11/20,42
10/9/21,63
7/16/17,66
7/2/17,40
5/2/10,18
5/21/11,31
3/7/20,22
8/1/12,34
2/13/11,15
6/29/11,46
6/8/22,115
7/30/10,49
5/2/20,38
5/3/13,44
1/7/14,16
3/16/17,28
5/9/14,38
9/25/20,66
10/14/10,39
12/20/19,26
12/7/20,42
9/20/15,29
11/12/12,35
3/13/14,27
2/26/15,27
3/31/18,32
4/30/17,48
5/12/15,66
6/2/14,54
3/26/12,27
9/1/14,23
6/9/21,72
6/21/13,49
9/22/21,117
10/13/19,42
4/4/14,36
3/31/20,28
3/25/18,22
12/14/17,22
6/2/16,69
4/26/18,67
9/17/15,61
12/26/13,21
3/16/11,36
2/11/19,82
6/9/18,55
3/7/10,13
2/21/17,78
8/21/16,45
11/10/12,11
8/26/19,81
5/31/22,123
12/24/13,21
3/20/10,26
3/6/12,27
9/7/16,71
7/22/22,87
12/9/18,24
5/2/19,56
4/2/14,40
9/4/14,48
6/18/10,36
3/28/13,31
9/21/18,62
9/22/20,45
10/9/16,33
2/7/12,21
10/15/10,32
7/31/19,75
10/3/21,71
9/15/21,89
8/1/11,44
4/10/19,65
12/6/10,32
6/21/22,105
10/23/15,43
4/23/17,36
4/26/19,55
2/9/11,26
7/25/21,61
2/21/13,28
9/20/21,88
7/9/21,75
6/22/11,47
1/18/19,31
2/24/15,24
8/11/21,93
10/15/17,52
7/20/13,14
2/19/20,47
5/7/16,38
9/1/20,70
7/4/20,37
10/29/19,54
6/14/14,24
10/24/10,17
12/27/19,30
10/10/10,15
9/26/13,43
8/28/20,66
11/7/13,25
4/15/17,43
2/16/13,13
1/5/22,77
4/30/22,48
11/28/20,31
4/6/20,33
4/28/19,31
9/30/18,35
9/8/18,40
3/27/16,25
8/9/14,28
9/18/19,65
1/17/14,22
5/16/19,64
2/18/11,28
1/6/21,47
11/24/16,13
8/10/15,69
1/12/13,7
3/1/10,26
4/19/12,32
3/6/11,16
8/22/14,56
6/18/22,46
12/5/21,53
11/13/19,42
3/26/15,47
8/29/19,51
11/9/15,55
4/28/14,57
9/3/20,53
6/17/10,46
6/13/11,77
4/19/16,43
2/14/19,42
7/7/14,72
6/17/17,49
12/18/14,22
2/7/21,22
10/19/13,14
5/28/13,43
10/6/10,34
11/21/21,48
8/28/18,63
1/6/18,12
5/7/21,87
11/8/16,33
10/23/21,70
10/29/15,51
3/31/14,36
5/16/20,33
4/29/18,42
9/21/21,92
2/23/14,27
5/15/15,54
3/29/15,22
5/27/11,43
3/13/22,32
2/20/19,29
10/29/20,45
2/6/12,21
10/5/19,38
9/10/18,52
10/17/16,61
3/6/13,31
10/13/15,62
9/3/14,49
8/8/10,29
9/9/20,60
4/4/16,45
9/30/15,44
4/10/16,19
6/15/12,46
1/4/10,24
11/28/19,9
6/4/18,75
10/19/16,63
1/8/20,29
11/10/17,31
11/29/12,20
11/13/15,33
11/11/12,13
10/6/17,63
7/22/18,46
5/30/18,77
5/21/12,37
8/10/17,77
5/5/10,49
9/8/14,90
6/26/11,19
11/16/14,15
7/27/22,80
5/30/21,38
5/29/16,24
10/26/13,19
10/30/12,4
1/9/20,20
1/25/12,32
4/1/19,49
2/9/16,51
7/9/13,47
5/16/15,32
12/25/21,18
4/12/15,23
4/4/13,24
12/3/12,30
6/20/19,71
11/30/20,36
11/21/16,39
9/23/12,26
3/14/18,39
10/5/17,61
8/15/17,102
2/20/15,19
3/25/12,18
10/28/12,11
2/9/20,26
5/12/11,38
6/30/19,42
4/5/16,50
8/16/17,83
6/4/17,52
9/2/14,53
12/28/21,69
3/28/20,24
10/12/11,38
10/19/19,32
11/14/11,31
12/15/15,46
2/9/10,22
4/28/22,70
8/24/15,72
1/18/15,15
3/25/21,94
2/25/15,21
7/26/21,102
2/5/20,40
2/8/16,34
3/1/16,45
3/23/13,21
2/25/22,45
3/13/19,50
5/17/17,49
6/30/16,70
4/7/21,97
8/26/17,37
6/24/16,57
4/17/21,57
4/19/22,78
8/19/15,66
7/21/17,61
12/2/11,26
7/6/10,44
9/2/10,59
10/28/14,55
2/4/10,13
11/26/15,14
5/12/14,60
6/30/18,36
7/30/17,50
12/9/21,58
12/2/13,20
12/2/16,52
6/24/22,88
1/10/16,30
4/5/14,26
5/21/15,52
2/28/17,66
3/1/22,86
11/27/14,9
3/31/15,36
6/10/10,39
5/28/17,40
3/2/21,51
1/26/22,62
10/29/11,8
2/8/13,10
5/22/18,79
5/24/19,48
8/12/11,44
9/4/15,62
12/20/13,14
11/6/11,9
1/5/20,17
6/28/16,62
5/14/13,39
10/20/13,18
2/9/13,8
6/5/13,49
4/12/21,78
10/27/20,57
2/24/18,28
2/6/22,47
11/20/18,40
8/6/14,55
8/3/17,84
6/28/12,43
10/30/13,23
4/20/10,36
4/9/20,30
5/12/22,101
3/15/20,18
9/6/12,46
2/21/18,51
1/9/15,28
3/15/14,12
9/4/11,18
8/13/15,61
5/26/17,41
9/9/18,35
3/19/20,33
4/11/11,45
2/13/15,21
10/1/16,36
3/31/12,15
9/30/11,41
5/5/21,77
7/12/13,36
4/21/19,33
12/4/14,27
3/10/17,41
4/2/18,56
7/27/20,76
2/6/17,53
3/4/22,63
12/23/19,23
7/26/15,34
2/5/11,10
7/7/13,36
5/25/19,40
5/18/22,96
11/26/13,16
12/10/13,13
5/6/20,36
6/29/19,23
11/10/18,17
8/7/16,39
6/6/16,75
11/2/17,55
2/4/22,52
10/20/14,52
3/11/13,41
10/25/17,81
8/11/10,51
3/30/11,33
7/12/17,89
11/1/16,66
12/13/11,16
3/29/16,39
11/2/11,32
12/22/19,22
10/6/20,56
1/8/11,9
10/4/12,38
1/1/19,19
11/1/17,67
7/4/16,26
6/17/14,71
1/1/14,5
8/4/20,55
7/19/11,46
1/21/20,36
5/22/14,39
3/27/19,37
4/29/19,80
11/16/16,63
9/18/16,34
9/24/11,29
12/8/20,22
11/7/11,26
10/26/20,55
8/20/13,32
6/7/19,78
7/1/19,69
11/19/17,22
6/27/14,65
10/9/17,55
10/16/11,12
1/27/19,25
2/8/15,29
10/18/11,30
3/13/12,33
7/2/13,55
5/31/10,13
8/19/11,39
4/8/15,48
6/1/18,69
8/7/21,62
6/2/18,41
12/26/10,4
2/11/17,20
1/29/16,35
4/2/12,33
1/2/20,40
7/18/18,78
8/22/13,41
10/5/15,40
2/28/15,17
6/14/10,63
9/29/18,34
7/12/18,73
10/17/20,42
4/18/20,21
11/4/12,10
9/7/18,59
7/2/15,86
12/27/17,33
1/25/22,74
7/27/21,110
2/28/14,16
10/20/10,39
5/12/13,26
8/9/12,50
5/25/21,104
10/20/21,111
11/11/11,27
4/9/22,60
10/28/17,37
5/15/13,40
5/12/20,47
5/6/15,47
3/3/16,25
9/25/18,57
12/29/16,40
7/12/10,58
6/11/14,54
11/24/13,13
5/3/14,25
3/4/15,34
8/24/20,80
6/11/20,58
6/1/12,52
10/10/11,24
10/21/20,69
10/17/15,25
7/6/16,88
4/1/12,29
8/8/11,48
1/3/22,49
10/5/20,64
8/8/22,112
3/2/20,36
9/10/17,49
3/13/11,18
4/26/21,57
12/18/16,17
12/3/11,13
7/4/13,17
7/3/15,42
9/15/12,21
1/29/17,36
10/23/11,14
2/22/22,60
2/25/19,32
4/6/18,35
1/11/17,33
2/28/13,40
11/3/11,20
9/29/14,56
5/27/13,20
5/8/13,45
9/30/21,75
11/4/19,43
3/22/17,61
1/24/15,28
7/10/21,75
12/10/16,28
4/4/10,18
7/23/19,85
6/3/11,25
8/27/22,65
2/10/17,34
7/6/22,116
5/21/20,65
8/12/20,62
10/16/18,78
7/31/14,37
12/27/15,23
6/16/13,16
3/24/19,35
3/6/21,42
1/3/15,14
10/16/15,60
9/5/17,75
1/17/18,25
3/21/13,25
10/7/21,105
11/28/16,37
9/21/16,88
10/27/14,48
12/28/14,24
6/13/22,147
2/10/18,13
8/24/12,55
4/29/15,52
6/11/10,41
4/7/13,12
9/23/16,62
3/31/19,33
1/9/10,10
1/12/19,15
2/4/11,15
11/9/17,49
3/24/13,13
5/20/12,17
10/28/21,99
5/7/13,40
4/2/20,30
12/2/21,64
1/19/12,27
9/21/20,63
10/2/13,31
8/31/22,81
12/28/16,52
1/17/22,54
6/24/13,53
2/9/22,81
12/24/16,13
7/11/18,43
9/4/16,44
3/1/18,45
9/22/15,68
6/15/17,67
10/28/20,64
1/31/18,37
8/20/19,69
11/1/14,17
2/7/18,28
6/27/17,70
2/26/10,11
7/6/18,66
7/14/17,72
4/19/20,22
3/20/15,31
9/8/15,80
11/11/21,84
5/4/12,27
10/15/13,25
10/14/15,63
3/14/13,30
3/24/18,20
11/8/20,39
10/11/14,27
9/9/22,98
4/30/19,66
5/19/15,59
2/17/20,37
8/29/12,42
2/29/12,20
12/25/11,3
8/5/13,49
5/25/22,79
12/13/18,24
2/17/22,68
1/5/14,14
10/24/18,50
2/6/11,11
2/16/21,42
4/28/15,42
6/17/18,55
4/20/11,37
3/3/19,23
9/19/11,52
4/20/22,76
8/1/16,65
9/26/10,19
10/20/11,32
7/17/19,60
11/10/21,93
8/30/22,99
9/26/15,23
10/31/16,50
3/14/11,31
11/28/15,23
9/10/16,28
7/21/18,50
3/24/10,49
12/18/13,29
3/16/10,23
7/16/21,84
8/24/21,84
9/20/19,47
9/18/18,82
3/31/11,32
1/22/12,16
11/28/18,41
9/8/16,78
9/5/18,63
5/16/12,42
3/21/21,51
12/28/11,26
1/4/12,18
8/5/11,40
1/14/13,29
2/15/17,180
7/4/12,19
5/9/20,34
7/11/19,56
9/11/10,21
10/16/19,52
3/21/20,22
5/15/20,62
3/10/16,49
5/13/19,64
5/11/12,41
1/1/11,6
2/10/16,38
7/27/15,73
1/22/14,12
3/1/11,32
4/17/18,60
10/30/19,51
2/1/14,17
8/25/11,40
10/11/10,36
6/28/20,42
5/7/20,54
8/21/17,77
4/20/15,43
5/12/16,66
4/20/16,44
1/11/16,47
10/29/12,4
12/30/20,48
7/17/12,29
3/7/11,40
5/30/11,17
6/10/13,37
6/26/17,77
12/1/13,10
11/9/21,115
5/29/18,85
1/7/16,37
3/23/21,82
3/2/13,13
8/31/15,60
2/25/17,42
4/25/12,37
9/2/11,38
7/24/21,46
7/18/20,34
4/27/11,49
3/15/12,32
7/16/12,55
5/28/19,86
6/24/18,45
11/7/10,8
7/28/12,19
7/16/14,62
5/24/22,113
4/29/14,52
1/1/22,37
12/11/11,16
4/15/13,52
1/29/22,16
11/20/20,29
10/6/15,59
8/31/16,67
7/14/12,28
3/11/14,30
11/18/10,27
8/17/21,116
5/19/19,40
12/1/17,43
11/27/10,17
11/27/21,29
12/29/18,31
1/14/21,49
3/29/18,44
12/11/14,24
5/21/18,96
3/21/15,29
2/8/20,18
10/8/11,20
8/4/14,35
6/11/22,84
6/3/18,48
3/22/12,30
6/27/18,73
4/23/13,25
7/19/19,44
7/1/11,33
12/21/18,29
4/18/15,24
2/12/15,22
7/19/21,145
6/19/15,59
10/1/15,82
12/18/20,25
11/9/18,45
6/21/14,31
10/26/11,27
5/1/13,35
3/5/17,25
2/25/13,35
8/30/14,16
6/16/22,102
4/7/12,10
7/5/19,60
10/14/16,43
1/3/17,55
7/26/11,53
4/1/22,88
8/2/18,74
8/23/15,26
7/10/15,52
4/18/12,39
3/31/13,22
5/27/19,47
10/17/11,39
2/15/14,11
2/3/15,23
7/22/17,50
9/26/11,43
11/2/20,43
12/12/13,20
8/25/14,47
10/14/14,75
1/18/10,15
11/6/18,45
4/8/14,34
5/2/15,25
3/22/20,17
3/9/19,23
2/21/19,37
7/20/11,33
3/13/21,42
2/13/14,11
12/11/15,61
7/12/21,125
8/13/19,73
3/8/17,69
5/13/17,34
8/3/14,28
8/13/18,75
1/8/18,50
1/24/13,30
7/3/16,41
11/14/15,17
12/12/21,41
8/16/10,50
7/10/17,94
10/30/20,45
8/16/14,27
6/11/15,41
2/17/21,47
2/5/17,25
8/25/22,79
5/20/22,102
1/13/18,23
8/3/19,46
12/23/16,37
7/9/22,86
4/7/14,38
7/12/15,48
1/29/15,21
5/13/13,48
12/21/13,12
11/1/20,24
5/24/16,59
11/11/10,15
4/8/11,31
2/10/11,20
8/22/12,53
12/25/19,16
5/6/21,91
4/18/17,51
1/26/12,24
7/28/16,54
3/24/17,39
12/13/13,21
7/20/21,128
3/19/13,40
4/25/17,65
10/1/19,56
1/21/14,12
9/22/18,35
10/15/11,13
8/14/19,73
1/2/12,20
12/11/20,34
6/16/19,43
11/3/15,57
7/28/10,65
3/4/11,20
11/13/11,13
1/26/16,29
1/30/12,31
12/27/10,2
12/24/14,17
3/20/20,25
7/30/19,65
5/5/16,59
4/19/13,36
7/30/16,32
12/14/14,12
8/10/16,68
6/16/11,38
6/18/19,56
2/14/20,29
2/12/13,30
5/17/13,48
5/24/20,71
10/7/11,37
7/31/10,16
7/30/11,18
10/18/16,57
11/2/15,54
1/5/18,18
6/18/17,40
12/27/11,24
2/18/17,55
4/7/18,34
9/14/21,80
3/29/22,54
6/21/15,31
11/2/19,29
5/1/20,44
10/25/21,105
8/14/20,60
3/14/20,14
4/26/22,113
4/3/18,54
2/27/16,24
6/12/13,43
11/20/15,35
8/14/11,12
9/3/19,53
1/27/17,44
5/19/14,41
2/28/12,26
4/19/19,57
6/24/17,42
3/19/22,74
2/26/21,54
6/10/12,24
1/10/13,30
3/22/13,21
8/29/21,62
7/6/15,66
4/13/12,30
2/25/10,23
4/6/12,19
8/7/14,52
12/12/20,41
5/7/17,39
8/24/16,48
2/18/15,34
5/8/11,11
3/6/14,25
4/16/17,37
3/7/16,46
3/28/19,50
9/17/18,71
2/12/18,50
8/14/21,54
7/7/20,80
3/20/14,33
9/19/15,37
11/22/11,21
6/18/16,46
12/20/10,17
3/27/20,18
8/27/21,69
9/18/11,12
7/20/17,86
3/19/15,34
4/19/14,19
9/8/13,16
4/27/18,43
1/10/17,34
12/14/18,39
12/5/19,28
11/14/21,36
11/27/11,12
8/6/17,46
10/22/16,31
3/16/15,45
9/27/19,56
8/31/12,34
12/1/16,49
3/2/16,43
3/20/16,23
7/6/12,40
10/12/18,60
12/14/10,16
12/12/12,28
10/16/12,38
9/27/11,57
4/14/18,25
9/15/16,66
5/17/22,105
8/23/18,73
2/22/12,29
7/27/14,31
11/14/17,53
3/11/21,68
10/20/18,49
1/20/18,26
1/12/12,35
12/21/16,36
9/6/17,62
9/1/18,28
3/11/18,15
9/4/22,64
3/23/15,42
9/28/21,90
4/3/17,67
8/1/22,110
12/10/18,46
9/18/10,17
6/4/10,37
10/19/10,28
12/10/14,20
10/16/10,17
3/5/21,51
6/3/21,104
2/13/19,37
12/9/15,43
2/23/19,12
11/18/16,28
4/30/18,67
5/20/15,55
3/20/13,35
1/30/15,23
4/20/21,76
10/8/15,66
11/15/14,22
1/21/13,19
1/25/10,22
12/6/20,12
5/27/10,42
12/11/19,26
3/23/16,43
5/16/11,40
5/19/20,80
6/7/22,123
8/14/12,59
9/22/10,39
3/19/18,41
4/8/17,26
4/27/13,17
6/9/17,66
6/4/20,45
4/24/19,60
12/19/18,30
12/4/18,35
2/26/12,12
7/11/15,38
6/15/19,45
6/13/14,36
8/26/16,38
12/29/14,58
7/18/12,42
4/15/11,29
2/28/20,29
12/6/13,21
7/24/20,49
8/12/16,52
9/29/20,69
5/4/22,101
2/2/20,26
2/18/14,21
4/21/21,75
2/2/19,18
6/14/17,58
8/2/22,109
7/27/17,84
7/9/14,47
3/7/22,123
1/13/16,34
12/6/14,12
9/27/18,51
10/11/19,49
10/20/15,53
5/15/18,75
7/3/19,66
10/24/19,51
11/23/19,24
7/27/13,18
5/1/14,51
11/29/10,38
4/23/19,64
10/31/20,34
12/20/17,33
12/6/21,59
9/24/13,38
9/7/22,89
8/11/17,81
12/19/11,25
3/19/14,25
6/1/11,58
10/6/19,44
12/27/20,21
9/26/22,1
3/8/10,31
7/14/15,73
2/14/15,16
6/6/22,135
4/15/16,50
8/9/19,67
4/20/13,17
8/7/17,74
1/19/19,23
8/29/20,38
2/7/16,26
10/19/21,113
4/8/13,59
6/26/14,49
9/6/11,46
5/7/15,80
12/19/12,30
9/21/15,60
12/23/21,55
11/7/17,34
4/29/22,60
2/16/11,28
3/12/21,55
11/13/14,38
3/18/17,21
2/16/22,70
1/30/16,22
6/12/17,76
9/17/14,51
6/10/21,95
9/29/15,45
1/11/10,25
6/16/17,47
4/16/10,23
10/7/19,76
10/31/17,40
3/12/17,18
2/1/15,16
7/22/13,42
7/26/17,81
6/25/12,46
8/18/20,103
6/2/17,62
9/10/21,71
5/23/22,121
10/28/18,36
2/28/22,56
2/23/20,23
7/6/20,62
7/19/22,129
12/30/17,21
6/8/13,29
2/1/13,31
10/6/21,119
11/27/18,48
6/3/10,33
1/19/10,35
6/3/17,37
1/11/11,20
12/31/18,24
3/10/19,40
3/30/12,19
3/3/10,21
6/27/11,67
12/28/13,9
2/9/15,24
5/29/14,61
5/8/14,46
6/8/19,38
10/29/17,23
1/16/12,8
8/2/14,35
5/23/13,46
12/1/12,23
8/22/22,149
8/30/13,27
6/1/21,97
5/29/21,35
7/14/21,105
9/11/18,56
5/21/22,65
1/8/13,23
2/12/10,15
3/22/21,64
3/28/16,40
3/25/11,28
5/15/10,24
10/23/16,41
1/4/16,32
8/16/18,58
9/2/20,63
3/7/14,21
4/5/21,80
4/3/16,24
10/4/20,38
7/28/18,40
3/3/14,31
3/16/22,87
4/15/12,21
11/18/14,27
3/22/10,40
9/23/15,45
6/16/15,66
12/24/20,16
5/13/16,60
5/9/22,121
4/29/16,58
11/1/12,9
9/20/13,45
6/14/11,65
11/18/19,25
11/2/14,21
12/9/11,20
7/27/10,57
12/12/18,48
11/22/16,34
5/19/10,50
9/2/21,63
5/7/10,27
1/8/10,13
5/31/12,70
8/23/11,44
9/11/12,36
3/14/10,14
9/25/17,71
4/18/16,62
4/20/18,34
6/10/14,59
4/28/10,30
2/9/14,19
3/18/20,40
2/24/17,52
11/6/10,19
4/25/20,28
6/11/19,66
4/23/14,29
8/4/21,87
1/2/17,24
3/16/20,26
11/8/11,20
5/27/17,51
7/6/14,27
9/20/11,49
6/15/20,94
10/17/14,51
10/23/18,69
1/23/16,11
1/6/15,24
4/19/17,64
10/2/10,21
1/14/11,11
5/31/17,89
8/9/18,60
10/7/13,36
4/1/16,46
6/26/18,82
2/14/11,31
1/9/22,49
10/21/21,113
1/19/20,15
8/6/12,52
9/7/19,49
11/20/14,23
6/20/21,46
3/9/16,50
6/3/19,83
12/16/10,20
10/26/21,103
8/23/13,40
5/20/19,80
8/14/13,46
2/24/21,56
5/1/17,77
3/24/22,69
5/10/18,75
4/9/18,60
3/9/17,53
5/31/11,68
10/4/10,37
8/8/18,64
3/5/18,52
4/6/15,46
7/2/10,36
5/26/18,34
7/5/15,26
6/9/14,48
8/18/12,31
12/22/11,17
1/1/15,6
10/31/12,5
1/25/20,34
3/30/20,34
6/26/10,30
6/17/21,87
7/18/16,60
4/23/15,51
2/4/14,13
1/22/13,41
2/1/16,46
12/4/17,61
2/17/15,18
2/4/18,21
7/31/13,40
9/4/13,42
5/26/13,20
3/28/15,27
12/18/18,26
3/17/16,49
3/28/14,31
11/26/10,12
10/22/10,31
8/19/21,78
11/5/21,97
4/4/18,52
8/4/12,22
11/19/14,39
4/2/13,40
12/26/11,13
9/16/11,33
5/11/13,20
4/29/21,90
7/25/10,21
2/12/21,32
3/29/19,52
8/14/14,48
1/23/14,16
7/2/11,19
10/27/10,23
6/25/20,63
8/21/19,83
10/19/20,71
8/28/19,63
1/23/10,9
5/10/20,33
4/7/20,19
1/26/19,26
11/24/17,28
3/9/13,13
9/29/11,49
5/23/12,56
10/19/15,73
8/2/13,26
6/5/19,66
6/30/12,27
2/25/11,22
6/10/11,38
2/21/16,34
9/28/18,58
4/22/21,54
7/12/19,56
6/30/22,114
9/21/19,50
11/21/13,24
7/24/10,30
4/25/13,41
11/17/10,26
3/13/13,36
11/15/10,35
9/6/18,82
6/4/22,76
2/7/15,26
10/5/11,42
8/28/15,58
7/19/15,32
7/7/10,49
2/19/11,18
6/25/21,83
4/28/20,38
12/24/21,36
11/12/19,46
9/17/22,63
10/20/17,57
1/15/13,27
7/23/15,73
1/5/12,28
12/16/15,40
11/6/14,38
5/15/16,30
2/15/18,52
9/7/17,54
11/10/14,50
8/21/10,30
12/9/19,34
2/24/20,43
2/13/16,13
8/18/17,58
8/27/18,85
7/17/17,113
1/9/17,28
10/4/13,28
3/15/22,122
4/14/15,60
7/15/13,66
2/27/22,50
9/30/12,18
12/7/17,40
9/30/13,38
1/14/14,24
8/7/22,63
1/5/17,49
12/11/12,23
8/15/10,21
6/1/19,54
5/29/22,52
8/11/16,65
12/6/16,37
9/12/16,63
8/16/11,61
1/11/14,13
5/22/11,20
7/13/17,108
12/18/15,30
2/26/13,33
9/14/15,60
6/17/16,72
8/28/13,35
3/11/16,48
1/20/17,46
8/11/19,38
8/16/12,49
7/5/11,46
12/8/10,19
5/22/20,59
1/21/12,9
5/5/22,97
11/27/15,29
10/13/13,14
11/22/21,51
4/12/17,71
4/22/15,51
8/20/10,63
9/18/21,55
9/10/15,70
8/27/10,42
1/15/14,21
2/23/17,72
6/8/17,71
4/12/22,66
8/20/16,42
1/10/20,31
5/17/18,83
4/20/20,45
3/3/20,43
8/23/19,61
2/23/18,41
6/19/19,70
10/22/18,63
9/24/14,48
6/24/12,26
12/3/16,29
7/24/19,73
12/23/15,28
3/18/18,22
11/4/15,56
12/20/21,66
6/11/12,61
9/12/11,42
9/12/21,58
6/6/10,24
12/2/10,21
8/17/19,43
11/4/17,33
1/10/10,7
7/11/11,41
4/26/15,25
1/25/14,16
9/8/19,49
5/14/18,76
8/20/11,23
3/12/20,48
10/25/19,32
3/26/19,59
3/17/14,36
2/24/16,40
5/26/19,31
7/1/15,57
12/13/19,26
2/22/16,45
2/2/14,13
2/15/21,34
11/7/12,11
12/23/13,22
4/6/13,17
9/20/18,67
8/4/11,44
5/28/15,62
6/18/11,35
3/14/15,21
2/19/13,34
11/23/16,30
1/29/18,43
1/7/21,39
3/22/15,22
4/21/15,47
4/8/12,7
3/19/12,40
10/7/14,44
4/21/11,22
9/30/16,52
7/16/16,29
3/21/11,49
4/18/13,35
8/8/19,72
9/27/13,35
5/25/11,58
12/8/17,38
2/14/14,10
10/9/18,71
6/24/19,97
11/13/17,53
4/18/18,54
7/21/21,118
12/24/12,9
3/24/12,18
6/19/14,49
1/21/19,30
10/3/18,61
8/9/17,88
7/29/18,47
3/27/12,28
7/29/12,21
4/4/12,24
9/3/22,60
11/26/21,44
7/29/17,57
6/20/14,35
9/4/18,71
12/27/13,12
3/8/16,63
12/28/15,36
5/27/22,106
11/16/19,8
1/9/11,6
5/1/22,45
5/7/19,76
7/28/20,52
5/6/10,40
9/12/15,33
8/5/17,48
6/23/16,74
7/4/17,28
2/3/14,14
1/21/16,38
5/3/20,47
2/3/19,22
3/16/21,61
5/2/16,91
11/24/10,22
4/12/16,45
9/19/17,63
10/24/11,39
9/15/15,71
7/8/17,45
7/14/13,23
7/7/18,32
11/8/12,9
4/7/17,42
1/26/21,55
5/4/17,50
4/24/20,41
1/31/21,27
9/9/17,50
2/10/10,13
7/14/20,83
5/31/21,77
12/9/12,13
7/22/11,24
11/25/18,27
9/12/13,34
10/28/16,45
4/15/14,34
9/28/16,65
1/15/15,35
9/28/20,71
6/1/22,134
2/9/17,27
3/5/14,29
1/6/13,15
5/13/11,26
9/5/19,69
9/5/20,51
3/30/22,79
9/25/11,19
6/14/12,51
6/24/15,49
9/11/22,59
12/2/20,42
8/15/20,39
1/13/21,48
8/22/15,46
10/13/16,64
8/6/10,46
6/14/15,25
7/26/20,40
2/16/10,17
3/7/21,34
6/8/16,80
5/1/15,39
1/23/15,31
6/15/15,71
10/8/21,90
12/9/13,24
4/1/15,71
7/18/14,47
6/2/22,116
2/7/19,38
10/25/15,43
11/15/20,17
2/9/19,27
7/8/19,89
7/15/10,51
12/20/14,18
1/27/18,33
8/29/10,23
8/3/10,44
6/7/18,72
7/31/15,48
9/22/22,77
1/18/13,25
6/20/22,83
10/22/21,90
12/23/10,13
8/8/12,37
4/16/21,69
1/5/16,41
8/25/21,83
12/6/12,25
10/12/12,28
11/15/15,23
7/22/16,66
3/1/13,31
8/26/11,19
3/29/11,21
5/2/17,64
3/31/16,44
10/6/14,51
2/3/10,15
2/6/19,44
9/26/21,68
10/22/12,28
6/14/20,32
2/8/17,54
2/17/19,32
8/29/14,44
3/4/10,25
10/23/19,34
7/9/12,35
11/9/19,23
6/25/19,71
4/1/13,30
9/26/14,50
10/10/12,39
7/23/11,15
1/3/20,41
5/23/10,27
10/12/16,62
4/24/17,75
8/9/13,34
2/11/20,32
8/13/21,70
9/6/21,68
9/3/17,30
2/11/16,36
11/7/21,68
3/6/19,23
10/7/18,39
11/21/15,28
3/3/15,37
7/27/11,39
7/14/18,58
9/7/15,43
1/26/14,12
5/25/15,39
7/25/18,56
12/4/21,48
6/29/12,25
1/27/22,78
8/9/22,103
3/31/10,28
5/31/20,35
4/11/10,19
9/18/20,64
10/30/21,53
8/30/19,55
8/8/13,38
2/28/18,61
6/29/13,11
5/26/14,23
7/26/19,66
8/23/16,78
8/22/16,75
7/21/11,29
1/12/21,49
12/29/15,36
9/24/19,59
5/17/19,72
6/11/17,45
5/19/18,26
10/22/15,39
7/28/13,20
7/29/21,116
1/28/10,20
6/16/14,82
7/3/21,56
6/19/22,56
12/11/17,25
1/18/20,19
5/8/16,31
8/17/15,64
5/23/21,50
11/2/13,18
9/9/12,38
8/13/16,28
9/21/14,30
11/25/14,32
9/20/12,39
11/19/16,24
3/20/12,34
7/1/20,68
11/4/11,23
5/2/12,27
1/31/20,34
8/22/19,40
3/12/13,36
5/3/16,65
8/19/12,26
3/17/11,22
7/26/18,57
11/3/18,30
1/25/13,23
7/15/17,45
3/16/18,42
5/15/11,12
3/19/11,15
4/22/18,31
10/18/13,20
2/4/17,27
10/21/17,41
10/8/18,71
11/18/20,36
10/3/15,30
5/5/15,57
12/26/21,42
10/9/10,23
2/19/21,24
12/5/10,12
10/12/10,49
4/2/11,18
5/11/21,108
5/29/17,42
2/14/18,36
6/10/22,111
10/5/21,104
7/7/21,83
2/10/21,33
5/23/11,54
10/23/10,12
1/23/12,25
10/2/16,33
5/18/14,24
11/29/11,32
7/12/14,26
7/20/19,32
5/26/21,88
3/14/19,49
11/20/11,10
1/28/11,13
10/12/20,19
4/4/15,26
2/19/12,13
3/17/18,21
5/25/18,52
9/18/17,86
5/6/18,57
4/13/18,59
6/13/13,38
2/20/22,41
11/18/17,22
10/16/16,43
3/27/17,54
1/10/12,16
6/4/21,87
5/3/22,104
5/9/18,63
5/4/21,92
1/13/20,47
3/12/22,35
10/24/16,46
5/13/22,91
7/10/20,50
8/17/18,55
8/28/16,24
8/11/20,59
4/22/19,52
10/22/14,42
8/4/16,88
7/25/16,87
1/28/21,50
5/11/22,114
10/19/18,60
5/30/20,39
8/27/16,41
5/15/22,69
5/4/15,53
4/27/21,71
2/17/18,30
6/2/21,126
10/27/12,13
5/11/15,78
8/5/14,63
6/27/12,26
9/28/10,50
11/9/11,34
1/2/21,29
3/12/14,31
10/21/10,34
7/13/15,69
1/10/14,14
8/11/15,42
2/15/13,26
10/5/12,43
12/28/19,28
10/12/15,45
12/10/19,34
7/27/12,30
8/19/22,108
11/15/13,26
3/22/19,20
10/11/21,60
1/23/18,38
3/7/17,78
9/28/19,34
7/11/21,74
12/1/14,23
3/13/18,42
3/16/12,21
1/9/14,23
6/24/14,81
12/14/12,17
8/17/12,45
2/12/12,8
5/3/18,66
8/24/14,40
11/5/11,13
1/19/21,50
12/5/16,39
2/17/16,39
4/17/13,36
10/21/12,23
1/30/10,15
7/18/11,42
8/9/20,51
2/15/20,16
4/28/17,71
9/30/17,45
5/2/11,47
12/13/21,91
9/6/15,47
1/10/15,17
3/11/20,54
11/27/19,39
3/19/19,50
4/14/12,12
6/29/18,77
5/4/19,39
1/2/13,33
9/7/14,27
8/24/11,46
1/24/16,14
7/24/11,17
2/2/15,19
10/18/21,116
4/5/13,38
7/24/22,58
4/8/10,39
1/16/21,39
10/24/17,41
9/23/21,86
9/5/22,73
6/7/13,27
2/1/21,16
4/19/15,36
6/1/14,28
4/23/18,61
10/25/12,40
1/24/12,37
1/7/18,18
11/10/11,30
11/4/14,34
2/22/13,19
9/28/12,32
7/8/12,28
6/16/18,30
6/23/11,47
6/1/10,50
6/19/20,64
5/1/12,28
11/1/13,26
1/26/18,41
9/11/14,31
4/26/20,39
1/19/16,37
11/21/14,21
1/7/12,16
11/19/13,27
5/8/12,38
11/4/18,28
12/3/18,49
11/2/21,96
5/4/20,47
3/2/18,29
1/28/17,31
10/10/13,37
7/2/14,53
8/29/22,104
4/9/14,50
2/22/11,26
2/28/16,21
1/17/16,26
3/4/14,24
12/7/11,24
7/21/13,25
8/7/15,48
2/27/17,60
8/29/13,43
10/22/13,50
8/28/22,57
5/20/14,35
1/20/19,15
10/10/18,89
11/9/10,25
12/7/21,65
10/28/19,60
5/11/11,45
6/22/12,34
6/6/20,38
4/22/17,52
1/3/11,22
2/1/20,26
1/16/13,22
12/8/14,26
12/15/11,31
2/2/12,24
11/1/19,36
9/2/13,29
3/20/11,14
11/7/16,64
2/5/19,47
7/18/15,47
1/2/18,36
11/12/14,58
7/19/18,65
7/16/18,78
10/5/18,57
7/29/15,65
8/18/15,62
7/25/14,52
11/6/17,67
1/31/22,31
12/31/13,14
9/3/12,26
12/13/10,29
12/12/17,27
10/21/18,47
7/24/16,43
10/27/17,55
8/25/20,52
9/1/10,38
7/8/14,51
1/11/12,29
1/2/15,31
1/11/20,25
3/14/16,47
10/13/17,56
1/14/12,12
11/20/10,20
6/19/11,29
1/12/14,15
2/12/22,43
11/29/21,62
1/5/21,72
11/11/16,28
1/24/14,10
10/23/13,37
3/29/17,74
10/29/21,63
8/22/17,68
12/28/20,41
10/4/21,108
5/19/12,24
9/24/22,51
10/23/14,41
11/11/17,24
7/7/15,66
6/28/15,47
2/27/11,18
9/8/20,71
2/18/22,61
9/26/20,59
6/29/14,25
11/5/13,23
12/3/10,24
12/3/13,24
8/23/22,127
4/16/15,37
4/25/16,57
11/5/18,44
6/7/17,70
1/29/13,25
5/19/22,103
9/13/10,47
4/17/10,22
6/16/16,52
4/14/19,55
7/11/22,118
6/30/17,41
2/17/11,33
12/18/12,21
9/10/11,26
4/8/22,65
10/10/20,33
3/27/18,44
6/2/13,33
6/23/21,93
10/6/12,31
5/7/14,39
7/12/11,54
12/31/16,20
11/13/12,30
1/13/11,9
7/9/16,39
7/14/19,23
5/4/18,56
6/23/19,45
7/14/10,49
12/19/17,41
10/1/11,17
6/8/21,110
8/20/14,61
4/22/14,44
11/22/18,6
7/23/16,34
9/23/17,33
3/25/10,34
11/14/13,26
9/23/19,75
8/5/12,23
5/27/20,79
12/16/19,33
2/23/13,19
3/14/21,45
12/15/17,21
8/12/21,92
4/4/20,25
8/2/15,37
3/26/21,63
6/22/13,20
8/1/20,38
4/30/14,33
9/15/11,40
9/4/12,41
12/11/10,12
7/10/18,69
2/5/21,34
5/11/17,79
9/28/17,52
8/30/20,56
7/25/20,36
7/5/13,32
5/27/15,55
9/14/22,93
2/27/21,50
11/6/15,56
12/5/13,28
6/23/13,15
3/15/10,36
3/21/12,32
7/9/10,50
5/6/17,44
6/5/16,55
4/1/14,32
7/17/14,65
7/19/13,28
4/30/21,60
3/18/21,46
5/13/15,50
7/7/17,71
12/25/20,12
5/20/20,60
11/2/18,54
2/9/21,29
8/5/10,41
11/30/15,34
10/10/14,45
10/16/14,79
4/26/16,49
1/13/14,27
4/21/13,28
8/11/14,67
5/13/12,14
4/21/12,19
7/9/15,68
4/12/13,34
4/2/22,48
9/6/13,35
5/1/21,43
8/5/16,59
6/25/13,59
11/10/20,49
3/21/19,43
6/26/16,44
1/25/16,24
1/20/21,31
1/30/18,35
3/9/15,51
6/5/21,59
5/5/20,37
4/2/19,52
11/4/13,21
3/25/15,30
6/29/15,68
2/12/14,24
6/24/21,114
6/5/14,72
2/5/12,8
9/13/12,49
10/24/21,56
3/7/18,37
1/11/19,24
2/14/10,9
2/18/12,10
11/14/18,47
9/27/20,36
5/10/17,75
1/26/11,19
9/16/14,53
7/16/22,86
9/25/13,34
6/28/22,117
6/15/10,53
1/25/15,20
9/23/10,35
12/13/14,11
2/26/11,12
9/14/14,32
11/30/12,26
9/22/12,22
10/8/12,34
6/30/21,69
6/11/16,35
10/30/15,35
3/31/22,71
5/23/15,28
8/8/21,52
10/19/17,68
3/20/17,63
8/26/12,25
5/10/21,102
6/24/10,39
5/14/15,46
10/2/18,61
1/26/15,23
3/12/12,43
8/8/17,64
6/7/11,29
11/13/21,45
7/17/13,42
1/1/10,9
6/11/21,97
9/16/17,44
2/28/11,31
2/13/13,23
4/27/19,35
8/22/20,35
7/24/13,38
1/2/19,45
5/10/10,38
9/1/17,46
7/8/10,68
8/19/18,34
8/31/10,45
11/19/12,21
1/4/17,48
6/13/12,42
6/30/11,43
5/26/11,52
6/22/19,56
4/12/18,59
5/4/10,39
1/16/22,25
3/15/15,34
9/3/15,62
11/23/15,42
10/3/13,46
2/14/16,19
1/3/14,5
1/15/12,10
9/14/20,71
1/28/13,22
7/23/22,55
4/19/21,118
9/16/12,18
2/20/11,12
2/23/12,20
6/5/15,51
9/1/13,14
12/3/19,25
9/29/21,83
10/1/21,71
4/21/16,52
5/24/18,57
6/18/18,68
5/31/13,44
11/21/10,14
11/15/12,25
1/9/12,28
5/18/18,67
8/6/15,57
3/20/19,43
10/27/16,50
11/3/16,37
2/23/22,89
7/18/22,131
12/3/21,56
9/15/22,88
2/7/14,20
8/30/10,59
5/2/13,55
4/4/11,40
1/4/22,58
6/22/20,72
2/8/14,9
6/20/12,42
9/10/10,37
11/10/19,27
3/9/10,20
8/10/20,64
4/23/11,19
4/22/16,46
5/12/17,61
11/18/11,17
5/7/11,20
7/7/19,49
7/28/11,44
10/22/19,43
12/9/17,14
5/16/16,74
4/21/17,79
7/15/21,96
9/23/18,40
9/2/16,50
6/12/19,66
1/8/16,38
2/19/17,52
10/10/19,59
12/1/20,46
10/1/14,51
5/8/19,64
4/2/10,26
7/4/11,16
1/16/11,11
2/23/21,51
9/13/11,48
7/18/21,66
5/8/22,66
9/19/19,50
4/6/21,78
9/13/19,56
2/22/10,24
8/26/14,49
8/10/11,45
10/20/12,22
2/2/10,18
4/22/10,29
3/26/14,35
10/5/13,20
6/17/12,20
3/27/10,15
12/17/13,8
11/1/10,24
10/10/21,54
9/13/20,33
6/23/17,66
10/3/16,82
10/4/11,51
5/17/16,71
9/8/22,113
6/27/13,36
10/18/17,58
7/8/21,94
8/12/12,21
6/21/18,61
4/10/10,15
10/31/19,39
1/3/18,36
8/11/18,28
10/17/10,12
8/31/20,64
12/29/20,28
8/1/18,61
6/19/17,65
8/18/11,41
1/7/22,29
7/20/10,47
7/29/14,57
11/28/21,45
11/19/18,43
12/21/14,18
3/6/17,56
1/9/13,28
7/29/20,61
2/26/19,36
6/19/18,66
1/27/15,13
11/24/14,34
11/30/11,17
8/19/10,49
9/13/18,79
9/14/11,35
8/25/18,38
7/26/12,29
1/30/19,31
12/15/16,29
1/18/21,43
1/23/21,26
9/24/20,71
3/13/15,39
5/23/17,64
9/18/22,61
3/27/21,53
9/21/13,17
1/26/20,29
11/3/13,16
12/20/11,23
3/5/13,28
5/16/17,55
12/28/12,23
6/14/22,133
1/31/13,26
8/18/13,21
5/8/21,54
1/31/12,23
4/20/19,34
2/17/13,16
1/20/10,12
2/27/10,7
4/9/15,42
10/25/14,35
6/27/15,24
4/25/19,45
3/4/20,43
7/13/10,55
2/23/10,13
12/17/16,22
10/3/12,50
3/5/19,27
6/5/18,82
7/1/22,96
5/25/14,28
7/28/15,75
10/8/13,43
6/4/19,73
1/16/19,40
12/17/11,12
7/7/11,43
8/6/18,82
5/22/16,41
9/21/10,49
2/3/16,49
8/1/19,72
11/5/15,59
6/28/21,104
5/29/15,50
1/8/19,49
8/16/20,48
1/21/22,48
1/1/20,17
5/18/12,33
4/16/19,67
1/21/18,27
7/10/19,76
10/30/18,43
12/4/15,41
9/9/15,54
1/29/20,45
6/1/16,78
12/15/12,18
8/4/22,115
12/24/17,19
3/20/22,53
3/25/22,83
3/24/11,37
3/6/15,17
2/11/15,37
3/31/21,68
9/5/21,65
4/30/15,47
12/5/20,24
2/18/19,21
9/19/18,78
5/3/21,89
11/14/20,30
5/31/14,23
1/18/11,24
5/26/12,26
5/26/20,95
2/20/18,67
6/24/20,54
12/30/15,36
2/5/13,21
6/12/22,74
8/12/19,70
1/24/17,45
11/22/10,31
12/21/19,21
10/14/18,35
12/12/14,22
9/6/22,71
12/18/21,47
4/29/20,50
2/17/10,18
8/14/17,74
3/12/15,34
9/25/19,68
5/30/14,56
6/6/19,66
6/16/10,48
8/7/18,64
2/1/10,20
6/21/17,79
4/29/13,42
8/26/10,45
1/7/19,49
5/18/21,94
7/15/22,114
3/10/14,44
8/21/13,38
7/23/14,41
4/17/22,42
4/23/10,36
8/28/12,46
4/23/20,34
11/21/11,18
11/6/13,28
4/9/10,31
12/29/19,24
5/11/10,47
2/12/20,43
5/9/21,42
6/7/15,27
4/3/15,44
1/6/12,21
11/3/20,35
11/22/15,23
7/25/17,95
2/10/12,18
5/26/22,97
12/31/19,27
2/19/14,36
7/17/22,69
10/8/14,43
1/27/14,31
4/28/12,15
3/26/10,33
11/22/13,21
7/23/13,45
9/8/11,38
4/15/18,27
1/5/11,18
10/17/21,53
6/4/15,40
1/6/10,21
4/25/22,108
3/17/15,41
10/13/14,58
2/27/14,12
3/3/11,26
1/9/19,31
9/25/12,32
3/6/20,45
4/18/11,47
8/24/19,40
8/16/13,33
8/20/21,73
1/4/18,14
6/5/12,48
11/9/16,36
3/29/13,26
9/17/19,67
2/3/12,23
6/9/16,63
12/12/19,30
9/27/21,92
2/12/16,29
12/1/19,22
10/8/19,50
6/21/11,46
5/21/21,78
11/20/17,45
11/5/20,46
9/1/19,32
1/3/19,43
1/12/22,76
3/17/22,80
9/16/22,84
9/23/11,32
5/27/21,94
1/7/15,20
2/16/16,31
7/17/20,59
4/11/16,52
6/10/15,59
4/16/12,33
3/10/15,41
8/3/21,122
2/13/20,40
11/27/16,30
6/29/10,50
8/20/18,89
9/11/17,75
3/23/22,75
11/13/18,31
4/1/17,46
2/3/13,14
10/13/10,27
5/17/15,26
3/10/12,7
4/7/16,45
3/12/16,34
1/6/17,30
12/15/19,21
1/23/17,47
12/27/21,55
2/22/17,56
8/6/21,78
6/29/22,102
10/25/20,42
1/12/11,14
7/20/20,57
11/15/16,60
7/27/18,53
10/29/10,22
10/29/14,27
1/4/15,16
4/21/10,54
3/11/17,26
1/5/10,14
4/17/11,17
3/17/21,76
11/16/11,24
12/14/21,75
9/25/10,21
1/3/10,3
8/23/12,50
12/10/21,48
9/16/19,65
7/26/16,57
11/13/10,16
12/7/14,8
5/4/13,18
1/20/12,23
4/10/17,70
5/12/10,31
4/8/16,40
8/10/10,57
12/15/20,43
10/14/12,21
5/18/11,32
4/28/11,50
4/20/12,14
3/18/15,31
10/4/16,59
4/17/14,28
9/1/22,111
4/13/15,50
4/25/14,39
12/26/20,24
3/8/12,24
7/17/16,38
9/13/21,74
7/21/19,41
11/28/17,51
10/1/20,62
5/7/12,46
12/15/14,35
8/3/11,39
4/6/22,68
7/21/12,28
4/12/20,20
10/31/14,34
8/27/20,57
4/7/22,90
9/22/17,53
3/26/22,56
3/18/16,34
9/12/17,76
3/7/15,18
8/24/17,76
1/15/22,33
2/8/10,18
8/8/20,44
11/11/15,53
10/21/19,62
5/3/17,58
6/13/21,57
4/26/11,58
1/12/16,41
7/22/21,102
12/10/11,6
2/18/20,44
7/2/20,56
10/15/18,72
1/1/18,15
9/13/22,100
3/17/13,16
6/27/19,72
4/16/18,49
5/19/17,37
8/22/10,19
1/6/20,44
2/1/19,29
7/21/16,68
4/15/19,69
3/26/13,33
12/9/10,14
1/25/18,31
3/12/18,47
3/5/15,30
7/30/14,46
4/11/19,50
6/11/11,12
6/4/11,15
1/29/10,17
9/17/20,72
2/7/22,49
6/23/10,46
5/19/16,74
12/22/21,47
10/12/19,24
8/3/15,70
12/5/17,38
8/13/17,43
5/24/21,98
6/8/18,66
8/25/12,26
9/14/17,79
1/25/11,22
11/10/10,21
8/6/16,30
6/6/18,76
10/3/10,11
3/19/21,43
7/30/20,63
9/26/19,67
1/16/17,33
5/26/10,40
4/27/17,67
11/30/19,18
12/6/19,30
6/18/20,73
3/5/22,64
12/4/16,18
9/12/10,20
11/29/19,14
7/20/15,82
11/25/16,26
12/8/12,21
8/8/14,47
3/30/18,44
1/30/22,23
10/3/17,50
4/14/11,41
3/1/21,56
9/26/17,76
9/10/19,67
6/2/20,54
8/31/17,54
8/24/10,42
3/27/13,28
2/7/17,44
5/14/12,62
7/28/22,124
12/8/16,48
12/26/14,38
4/4/21,69
3/3/21,64
3/8/15,17
8/6/13,45
3/11/15,37
8/6/20,53
10/21/13,32
9/7/21,105
12/7/19,18
1/31/17,37
10/28/13,36
11/23/10,28
11/14/14,31
1/8/22,33
7/3/10,19
9/8/12,23
11/12/10,26
4/10/15,34
8/21/20,66
8/13/14,43
6/30/14,58
3/24/21,94
1/2/10,12
7/14/16,66
12/10/20,26
12/10/12,39
5/4/14,32
10/12/13,14
10/14/11,19
9/7/11,28
5/8/10,19
7/6/19,37
5/15/14,37
12/2/18,25
3/10/11,21
7/29/19,85
1/20/15,36
12/15/18,29
5/6/19,71
5/20/17,28
11/23/11,24
8/15/18,64
12/1/11,19
5/28/21,65
11/20/19,37
5/10/15,36
8/30/18,78
3/19/17,33
2/20/13,32
10/2/11,14
10/10/15,24
5/9/13,60
6/28/10,52
4/12/14,18
4/11/17,67
5/21/14,51
6/28/19,76
7/8/16,44
2/27/20,50
11/21/20,26
11/6/16,18
8/15/19,68
10/7/17,41
12/22/20,36
12/12/15,23
2/1/18,44
9/13/17,63
3/4/19,35
6/11/18,76
11/21/18,26
3/28/22,52
8/11/22,76
2/15/15,18
7/31/12,50
5/29/11,23
12/13/12,25
1/22/10,20
12/20/20,26
10/27/11,20
10/25/16,72
3/10/20,52
6/28/14,23
7/16/10,49
6/6/14,44
11/27/17,58
10/26/12,26
11/15/17,48
12/17/12,22
1/14/16,40
9/29/17,72
10/4/18,65
2/18/18,14
4/21/18,22
1/17/11,14
3/16/14,16
9/3/21,52
3/1/15,12
12/25/17,18
1/28/18,29
7/15/14,53
5/28/22,65
9/3/16,53
7/15/12,27
4/18/10,12
7/18/13,41
4/29/11,33
6/30/20,83
7/11/16,82
5/19/13,13
1/24/18,42
1/20/16,22
8/7/19,79
12/7/18,31
11/30/10,24
6/12/10,15
9/14/16,78
4/6/11,48
10/4/15,21
9/23/13,33
8/10/13,20
12/24/11,4
1/16/16,25
12/12/10,10
10/26/18,31
9/12/20,53
1/3/16,27
7/23/12,54
8/19/14,63
2/21/12,32
7/21/20,55
8/20/22,60
1/6/11,21
9/24/21,78
2/14/13,19
9/21/11,48
9/17/17,43
8/26/15,49
5/14/11,27
12/21/15,32
4/1/11,39
3/22/11,41
1/19/13,11
1/28/12,18
10/28/15,45
5/10/11,52
1/10/19,26
6/25/10,34
10/11/18,53
7/17/15,55
12/24/19,15
6/3/15,56
11/19/21,59
6/23/12,27
5/30/19,56
1/17/20,24
8/15/11,47
7/17/10,27
3/22/14,24
7/26/13,59
8/4/15,59
6/26/19,62
6/19/16,46
7/19/14,29
11/15/11,23
2/6/15,28
10/30/10,9
8/21/18,78
3/23/11,30
2/9/18,36
11/23/18,24
2/5/18,45
9/21/22,117
8/2/10,67
7/11/14,47
8/14/10,25
2/5/10,27
9/27/15,37
11/17/14,31
2/10/15,18
10/28/10,32
1/5/19,23
12/21/21,46
5/17/10,63
11/14/16,55
7/25/19,87
10/23/17,58
9/20/14,22
5/19/21,103
6/21/16,70
1/24/11,17
12/31/10,11
5/25/20,69
1/12/18,37
5/17/11,37
2/13/17,35
10/10/16,42
2/20/16,32
11/14/10,15
10/30/11,17
12/13/15,34
7/1/10,42
6/29/20,60
8/11/11,43
5/1/10,15
10/22/11,15
7/10/11,21
2/25/16,72
8/29/11,25
8/26/18,41
5/30/15,33
12/16/12,7
12/31/14,22
10/11/11,36
11/6/12,19
7/13/11,50
10/6/18,32
10/9/15,63
11/22/12,14
12/27/18,36
12/16/17,30
1/26/13,11
8/15/15,34
5/2/18,65
12/16/14,26
12/26/16,21
7/13/22,111
3/9/11,34
9/9/21,100
4/7/11,41
9/20/22,110
1/31/10,8
10/24/15,54
2/4/21,22
6/3/22,118
5/8/17,87
3/23/10,48
9/16/15,53
12/4/20,30
7/7/22,123
6/15/14,33
7/30/15,54
8/14/22,72
10/26/10,40
7/23/17,42
2/13/12,13
10/23/12,41
3/27/14,18
2/27/19,46
3/1/20,23
4/12/19,47
7/5/20,32
1/15/17,19
9/25/14,40
2/20/10,9
3/25/19,58
8/14/15,55
2/27/15,27
1/19/15,19
9/9/16,66
9/21/17,52
3/28/17,62
11/25/11,11
6/16/12,17
5/8/20,43
3/29/10,25
1/22/18,58
10/21/11,25
4/17/16,33